Currency of Advance Deposit,Vertical/ Category,Select Supplier,SUM of Deposit Amount
EUR,Food,MEDITERRANEAN FOOD S.R.L.,"3,549.00"
,Food Total,,"3,549.00"
,Frozen,QUALITY MARINE EXPORTS,"5,000.00"
,Frozen Total,,"5,000.00"
EUR Total,,,"8,549.00"
RMB,Automobile,"YOG AUTO MOBILE PARTS CO., LTD.","236,721.58"
,Automobile Total,,"236,721.58"
,Hardware - Building Material,YIWU ZHONGYONG TRADING COMPNAY,"352,275.00"
,Hardware - Building Material Total,,"352,275.00"
,Hardware - Raw Material,YIWU ZHONGYONG TRADING COMPNAY,"426,601.00"
,Hardware - Raw Material Total,,"426,601.00"
,Sundry,YIWU ZHONGYONG TRADING COMPNAY,"208,232.00"
,Sundry Total,,"208,232.00"
,White Goods,"NINGBO YUEMEI ELECTRIC APPLIANCE CO., LTD.","48,739.80"
,White Goods Total,,"48,739.80"
RMB Total,,,"1,272,569.38"
USD,Automobile,"ANHUI HELI INDUSTRIAK VEHICKE IMP & EXP CO., LTD","22,627.50"
,,Ashok Leyland Ltd,"123,840.00"
,,"BAODING GREAT WALL INTERNATIONAL TRADE CO., LTD.","1,168,767.50"
,,"FAW TRUCKS INTERNATIONAL CO., LTD.","245,881.20"
,,"FOTON MOTOR INTERNATIONAL CO., LTD","59,301.31"
,,GREAT WALL MOTOR MIDDLE EAST FZE,"49,051.97"
,,"MITTO RUBBER TECHNOLOGY CO., LTD","72,880.00"
,,MRF Limited,"44,206.00"
,,VSK MOTORS AND TRADERS FZE,"105,462.00"
,,"YANGZHOU CIMC TONGHUA SPECIAL VEHICLES CO., LTD.","47,700.00"
,,YOMAXX ENTERPRISES,"102,852.80"
,Automobile Total,,"2,042,570.28"
,COMESTIC ITEMS,HOBI KOZMETIK IMALAT SAN. VE TIC. .A.S,"10,729.00"
,COMESTIC ITEMS Total,,"10,729.00"
,Food,"DINGTAO COUNTY ANJI FUQIANG YEAST CO., LTD.","7,125.30"
,,F&B NUTRITION SDN BHD,"15,120.00"
,,"GUANGDONG SWEET SIXTEEN FOODS CO., LTD","11,989.80"
,,HONG KONG SHUANG QI FOOD LIMITED,"11,625.00"
,,OVERSEAS TRADING FZC,"14,968.80"
,,RMT Nuts Trading Co Fzco,"503,750.00"
,,Sierra Palm Product DMCC,"511,155.00"
,,Sierra Palm Ventures FZ-LLC,"514,485.00"
,,"TIANJIN SHINHOO FOOD CO.,LTD.","7,148.75"
,,"ZHANGZHOU GREENCAN FOOD CO., LTD.","37,055.00"
,Food Total,,"1,634,422.65"
,Frozen,J. MARR (SEAFOODS) LIMITED,"3,783.68"
,,SEARA MEATS BV,"15,744.00"
,,"XING WAN YANG INTERNATIONAL TRADE CO., LIMITED","14,469.00"
,Frozen Total,,"33,996.68"
,Hardware - Building Material,ACHEM TECHNOLOGY (DONGGUAN) ADHESIVE PRODUCTS LTD.,"7,969.50"
,,"DINGZHOU CITY RUILI NAILS PRODUCTS CO., LTD.","71,137.10"
,,"GUANGZHOU ATLANTIC IMPORT AND EXPORT CO., LTD,","23,495.00"
,,"JIANGSU NEW VICTOR INDUSTRIAL CO., LTD",700.00
,,"LUANNAN XINFA AGRICULTURAL TOOL CO., LTD.","5,354.08"
,,"NANJING KERUN IMPORT & EXPORT TRADING CO., LTD.","4,742.40"
,,"QINGDAO NASCENT SPECIAL HAND TRUCK CO., LTD.","5,616.00"
,,"SHANGDONG TANGUO INTERNATIONAL TRADE CO., LTD","12,896.00"
,,SHIJIAZHUANG SHIQIAO ELECTRIC WELDING MATERIAL CO. LTD.,"33,750.00"
,,"SHIJIAZHUANG SUNSHINE IMP&EXP TRADE CO., LTD.","63,526.50"
,,"TIAN YOU XIN CHENG(HONG KONG) HOLDING CO., LIMITED","26,094.40"
,,"WEIFANG JINQUAN WOOD CO., LTD,","3,280.00"
,,"WELFULL GROUP CO., LIMITED","29,272.60"
,,"ZHEJIANG HUIYI FIRE FIGHTING EQUIPMENT CO., LTD.","2,300.00"
,Hardware - Building Material Total,,"290,133.58"
,Hardware - Engine & Generator,"TAIZHOU HAODE MACHINERY AND ELECTRONICS CO., LTD.","19,045.40"
,Hardware - Engine & Generator Total,,"19,045.40"
,Hardware - Raw Material,AFRINEXT OVERSEAS PRIVATE LIMITED,"206,317.58"
,,TIANJIN GOLDEN BRIDGE WELDING MATERIALS GROUP,"64,800.00"
,Hardware - Raw Material Total,,"271,117.58"
,HYGEINE & PERSONAL CARE,AAB (CHINA) CO LTD,"4,215.78"
,HYGEINE & PERSONAL CARE Total,,"4,215.78"
,Machinary,"CHANGZHOU YARMAX POWER CO.,LTD.","95,645.00"
,,Yiwu Yanji E-Commerce Firm,"10,001.78"
,Machinary Total,,"105,646.78"
,Sundry,HANGZHOU DAILE ENAMELWARE CO LTD.,"11,940.90"
,,"HENAN TIANCHENG METAL MATERIAL CO., LTD.","10,458.00"
,,"Nanjing Besay Network Technology Co., Ltd.",313.00
,,RMT Nuts Trading Co Fzco,"580,000.00"
,Sundry Total,,"602,711.90"
,Textile,HITARGET HONG KONG LIMITED,"100,294.00"
,,"HUAFANG CO., LTD.","30,000.00"
,,Linqing Sanhe Textiles Group Co Ltd,"97,500.00"
,,Sichuan Cotton and Ramie Group Corporation,"10,000.00"
,,"Zhejiang Baofang Printing And Dyeing Co., Ltd","5,000.00"
,Textile Total,,"242,794.00"
,White Goods,NEWTECH GLOBAL LIMITED,"5,507.70"
,,"ZHEJIANG XINGXING REFRIGERATION CO., LTD.","41,914.40"
,White Goods Total,,"47,422.10"
USD Total,,,"5,304,805.73"
Grand Total,,,"6,585,924.11"