Supplier,,,,Verticle,,Customers
,,,,,,
AAB (CHINA) CO LTD,,,,Agriculture,,AARNEXT FARMACIA (SU) LDA.
ACHEM TECHNOLOGY (DONGGUAN) ADHESIVE PRODUCTS LTD.,,,,Automobile,,Abidjan
AEROSTAR HELMETS LIMITED,,,,COMESTIC ITEMS,,Agrova
AFRINEXT OVERSEAS PRIVATE LIMITED,,,,Commodities,,Bangui
AGRI-227 NL,,,,Food,,Boka Bathily
AGRIPLAST PROTECTED CULTIIVATION PVT LTD,,,,Forwarder Expense,,Brazzavile
AGRISAR DMCC,,,,Frozen,,Cabinda
AGROPEAK DMCC,,,,Furniture (Personal),,"CHEICKNE SANOGO, BAMAKO MALI"
"AJC INTERNATIONAL, INC.",,,,Garments,,Color Culture
ALLANASONS PRIVATE LIMITED,,,,Hardware - Building Material,,Conakry
ALTILA TIRE LIMITED,,,,Hardware - Engine & Generator,,Cotonou
AMBAR FROZEN FOODS,,,,Hardware - Raw Material,,Dicam
"ANGEL YEAST (HONGKONG) CO.,LTD",,,,HOUSEHOLD CHEMICALS,,Fabfer
"ANHUI HELI INDUSTRIAK VEHICKE IMP & EXP CO., LTD",,,,HYGEINE & PERSONAL CARE,,Fizzen
"ANHUI JIUCHI INTELLIGENT SECURITY TECHNOLOGY CO., LTD.",,,,KITCHENWARE,,Fronext
"ANYCOLOR COMPUTER CONSUMABLES CO., LTD.",,,,Machinary,,JONGOLA ENTERPRISE SU LDA
ARGENTRADE INTERNATIONAL B.V.,,,,Material,,Kishore Ghana
Ashok Leyland Ltd,,,,Medicine,,Lome
"ASIA GOLDEN RICE CO., LTD.",,,,OFFICE SUPPLY,,Lubumbashi
"ASIA MMD INDUSTRY CO., LIMITED",,,,Panoramic Padel Court,,Mali
"AYAMO USA, INC",,,,Sundry,,Mozambique
"BAIC INTERNATIONAL DEVELOPMENT CO., LTD",,,,Textile,,NARESH BURKINA FASO
"BAODING GREAT WALL INTERNATIONAL TRADE CO., LTD.",,,,White Goods,,Point Noire
BEEF PARAGUAY S.A.,,,,,,Pravilo Physical Fitness Ltd
"BEIJING MEIDAN FOOD CO.,LTD",,,,,,Sahel International Trading Limited
"BINZHOU HAIYI TRADING CO., LTD.",,,,,,Sar Saidu
BINZHOU TRADING LIMITED,,,,,,SASTEK INTERNATIONAL FZC
BINZHOU YUYI TEXTILE SCIENCE&TECHNOLOGY CO. LTD,,,,,,Sierra General Trading Limited
BLUE TIME TRADING INC.,,,,,,SKTN
"BOSTON AGREX, LLC DBA EVIA FOODS",,,,,,Umesh
BPI A/S,,,,,,Vietnam
BRF S.A.,,,,,,
CAMERUN S.A.,,,,,,
CANGZHOU ZHONGTUO ROLL FORMING MACHINERY CO LTD,,,,,,
"CATERZ ELECTRONICS CO., LTD.",,,,,,
CCB-LA COMPAGNIE DU CAP BLANC,,,,,,
Ceat Limited,,,,,,
CEHK INDUSTRY LIMITED,,,,,,
"CHANGSHA ZHONGYI GROUP CO., LTD.",,,,,,
"CHANGXING HUIFENG IMPORT AND EXPORT CO., LTD.",,,,,,
"CHANGZHOU JASMINE PACKAGING CO., LTD.",,,,,,
"CHANGZHOU YARMAX POWER CO.,LTD.",,,,,,
CHEMAX INTERNATIONAL PTE LTD COMPANY,,,,,,
"Chengdu Max-Top New Energy Lubricating Materials Co., Ltd",,,,,,
"CHINA FAW GROUP IMPORT & EXPORT CO., LTD",,,,,,
CHINA JIATAI GROUP CO. LIMITED,,,,,,
"CHINA-BASE NINGBO FOREIGN TRADE CO., LTD.",,,,,,
"CHUZHOU HANSHANG ELECTRICAL APPLIANCES CO., LTD.",,,,,,
CIPA S.A.S.,,,,,,
"CIXI FEILONG INTERNATIONAL TRADING CO., LTD.",,,,,,
COCO HORTIC GRO,,,,,,
COMPAGNIE COMMERCIALE ALIMENTAIRE S.A.M.,,,,,,
COMPANIA ITALO URUGUAYA DE PESCA S.A.,,,,,,
COVI S.A.S.,,,,,,
"CROWN PRODUCTS, INC.",,,,,,
CUMIC STEEL LIMITED,,,,,,
DABUR INTENATIONAL FZE,,,,,,
DAIRECK S.A.,,,,,,
"DAP SEWING TECHNOLOGY HK CO., LTD.",,,,,,
DCB TRADING L.L.C.,,,,,,
"DEZHOU REBELI (JINGHUA) GLASS BLOCK CO., LTD",,,,,,
DHANYA IMPEX,,,,,,
"DIAMAX DESARROLLO EMPRESARIAL, S.L.",,,,,,
"DINGTAO COUNTY ANJI FUQIANG YEAST CO., LTD.",,,,,,
"DINGZHOU BEST HARDWARE CO., LTD.",,,,,,
"DINGZHOU CITY RUILI NAILS PRODUCTS CO., LTD.",,,,,,
"DINGZHOU FUKANG METALS CO., LTD.",,,,,,
"DINGZHOU XUFENG NETTING CO., LTD.",,,,,,
DONGGUAN JIANGCHEN ACRYLIC PRODUCT,,,,,,
"EAGLE POWER MACHINERY (SHANGHAI) CO., LTD.",,,,,,
ETS DES VENTES POUR LAFRIQUE,,,,,,
EURO FERT GUBRE SAN. TIC. A.S.,,,,,,
EVIA FOODS,,,,,,
F&B NUTRITION SDN BHD,,,,,,
"FARMASINO CO., LTD.",,,,,,
"FAW TRUCKS INTERNATIONAL CO., LTD.",,,,,,
"Foshan JUOU Furniture Manufacturing Co.,LTD",,,,,,
"FOSHAN LANDER STONE CO.,LIMITED",,,,,,
"FOSHAN NANHAI HUISON TRADING CO., LTD.",,,,,,
"FOSHAN SHI PERTH FURNITURE CO.,LTD",,,,,,
"FOTON INTERNATIONAL TRADE CO., LTD. BEIJING",,,,,,
"FOTON MOTOR INTERNATIONAL CO., LTD",,,,,,
"FRENZWORLDWIDE INTERNATIONAL CO., LTD.",,,,,,
FRIGOMERC S.A.,,,,,,
"FUAN OCEAN MOTOR CO., LTD",,,,,,
"FUAN SHENWEI ELECTRO MECHANICAL CO., LTD.",,,,,,
FUJI HARDWARE AND ABRASIVE PRODUCTS LIMITED,,,,,,
"FUJIAN TIGER IMP&EXP CO., LTD.",,,,,,
GEKKO TRADING B.V.,,,,,,
GLOBAL FOODS SOLUTIONS FZCO,,,,,,
GPS DIESEL SUPPLY ASIA LIMITED,,,,,,
Grand Canton International Limited,,,,,,
GREAT WALL MOTOR MIDDLE EAST FZE,,,,,,
GREEN DAY MOTORS AND TRADERS DMCC,,,,,,
"GRUPO CORPORATIVO HISPANO DE COMERCIO, S.L.",,,,,,
Guang Zhou Wen Jia Sheng Wang Luo Ji Shu,,,,,,
"GUANGDONG EAGLE COIN HAIBAO FOODS CO., LTD.",,,,,,
"GUANGDONG OASIS CHEMCIAL CO., LTD.",,,,,,
"GUANGDONG SHUNDE LONGXING IMPORT AND EXPORT CO.,LTD",,,,,,
"GUANGDONG SUOYI TECHNOLOGY CO., LTD.",,,,,,
"GUANGDONG SWEET SIXTEEN FOODS CO., LTD",,,,,,
"GUANGDONG WAIGAA ELECTRONICS CO., LTD.",,,,,,
"GUANGDONG WELLY ELECTRICIAL APPLIANCES CO., LTD.",,,,,,
"GUANGDONG WENPINJIE TRADING CO., LTD.",,,,,,
"GUANGZHOU ATLANTIC IMPORT AND EXPORT CO., LTD,",,,,,,
Guangzhou BCI Int'l Transportation Co. Ltd,,,,,,
Guangzhou Global Green Machinery Co. Ltd.,,,,,,
"GUANGZHOU HANGHANG TECHNOLOGY CO., LTD.",,,,,,
GUANGZHOU HAOJIN MOTORCYCLE COMPANY LTD.,,,,,,
"GUANGZHOU LIVEPRO BEAUTY COSMETIC CO., LTD.",,,,,,
"GUANGZHOU TIANMA GROUP TIANMA MOTORCYCLE CO., LTD.",,,,,,
GUANGZHOU TIGER HEAD BATTERY GROUP,,,,,,
"⁠GUANGZHOU YIFU CLOTHIING CO,LTD",,,,,,
"Haining Jinhu Sport Socks Co., Ltd.",,,,,,
HANGZHOU DAILE ENAMELWARE CO LTD.,,,,,,
"HANGZHOU MIUGE CHEMICAL COMMODITIES SCENCE & TECHNOLOGY CO., LTD.",,,,,,
HAP FOODS HOLLAND B.V.,,,,,,
"HEBEI DAPU MACHINERY CO., LTD",,,,,,
"HEBEI SAMSUNG METAL WIRE MESH MANUFACTURE CO., LTD.",,,,,,
"HEBEI XINNUO ROLL FORMING MACHINE CO., LTD.",,,,,,
"HEBEI YAWO MACHINERY MANUFACTURING CO., LTD",,,,,,
"HEBEI YONGWEI METAL PRDOUCE CO., LTD.",,,,,,
"HENAN HAOKEBANG MACHINERY EQUIPMENT CO., LTD.",,,,,,
"HENAN HUATAI CREALS AND OILS MACGUBERY CO., LTD.",,,,,,
"HENAN TIANCHENG METAL MATERIAL CO., LTD.",,,,,,
HING LUNG ENTERPRISES,,,,,,
HITARGET HONG KONG LIMITED,,,,,,
HK Hanyang international limited,,,,,,
HMA AGRO INDUSTRIES LTD,,,,,,
HOBI KOZMETIK IMALAT SAN. VE TIC. .A.S,,,,,,
HOLLANTEX GROUP LIMITED,,,,,,
HOMEY CONSTRUCTION LIMITED,,,,,,
HONG KONG SHUANG QI FOOD LIMITED,,,,,,
HONGFENG GROUP LIMITED,,,,,,
"HONGKONG GLEE INDUSTRIAL CO., LTD",,,,,,
"HONGKONG JINWOSHENGDI INDUSTRY CO., LIMITED",,,,,,
"HOP SHING ENGINEERING CO., LTD",,,,,,
"HUAFANG CO., LTD.",,,,,,
Huafang Company Limited by Shares,,,,,,
HUAIHAI GLOBAL E-COMMERCE CO.. LTD,,,,,,
HUAWIN INDUSTRY (HK) LIMITED,,,,,,
"HUIZHOU YAJING ARTWORK CO., LTD.",,,,,,
"HUNAN DONGYI ELECTRIC CO., LTD.",,,,,,
IBERDIGEST S.L.,,,,,,
"IFOURNI TECHNOLOGY CO., LTD.",,,,,,
IMEPA B.V.,,,,,,
"IMPACKAGING CO., LTD.",,,,,,
INTERNATION FOOD CONNECTORS B.V.,,,,,,
INTERVISION FOODS,,,,,,
J. MARR (COMMODITIES) LIMITED,,,,,,
J. MARR (SEAFOODS) LIMITED,,,,,,
"JAC HEAVY DUTY IMPORT & EXPORT CO.,LTD.",,,,,,
JBS S.A.,,,,,,
JIANGSU GRAND CABEL CO. LTD,,,,,,
"Jiangsu Everest Outdoor Products Co., Ltd.",,,,,,
"JIANGSU NEW VICTOR INDUSTRIAL CO., LTD",,,,,,
"JIANGSU TIPTOP BUILDING MATERIAL CO., LTD.",,,,,,
"JIANGSU XINGXING REFRIGERATION TECHNOLOGY CO., LTD.",,,,,,
"JINAN HAOFENG IMPORT & EXPORT CO., LTD.",,,,,,
JINJIANG XIEXIANG TRADE CORP. LTD.,,,,,,
"JINXIANG RICHFAR FRUITS & VEGETABLES CO., LTD.",,,,,,
JU YUEN (HONG KONG) INTERNATIONAL LIMITED,,,,,,
JYO ENERGY LIMITED,,,,,,
"KAICHUANG MATERIALS (HK) CO. ,LIMITED",,,,,,
KENAGRO SUPPLIERS LIMITED,,,,,,
KENZOL MULTI INDUSTRIES FZC,,,,,,
"KILIN TRADING CO., LTD.",,,,,,
KORYO TYRES INDUSTRIAL (CHINA) LTD,,,,,,
KRISHNA AGRI PARTS,,,,,,
KSE INC,,,,,,
"LAMEX FOODS, INC.",,,,,,
LEARDINI PESCADOS LTDA,,,,,,
Linqing Sanhe Textiles Group Co Ltd,,,,,,
"LINYI ANGEL IMPORT AND EXPORT CO., LTD.",,,,,,
"LINYI JICHUANG IMPORT & EXPORT CO., LTD.",,,,,,
"LINYI JINCHENG INTERNATIONAL TRADE CO., LTD.",,,,,,
"LINYI XIANGYU RIGGING CO., LTD.",,,,,,
LINYI YIKE TRADING CO. LTD,,,,,,
LU’AN SOYEA ELECTRICAL MANUFACTURING CO LTD,,,,,,
"LUANNAN XINFA AGRICULTURAL TOOL CO., LTD.",,,,,,
"LUOYANG SHUAIYING TRADE CO., LTD.",,,,,,
MANUCHAR KENYA LIMITED,,,,,,
MASTER ENTERPRISES - FZCO,,,,,,
MEATMAT TRADING SA,,,,,,
MEDITERRANEAN FOOD S.R.L.,,,,,,
MEKONG FOOD CORP,,,,,,
MELIONE S.A.,,,,,,
MERZEN TRADING LIMITED,,,,,,
MILLENNIUM & LUBRICANTS MANUFACTURING LLC,,,,,,
MINERVA FOODS FZE,,,,,,
MINGCAI NEW CENTURY (HK) CO. LIMITED.,,,,,,
MIR-KAR SPOLKA Z OGRANICZONA ODPOWIEDZIALNOSCIA SPOLKA,,,,,,
MIRASCO URUGUAY S.A.,,,,,,
"MITTO RUBBER TECHNOLOGY CO., LTD",,,,,,
MRF Limited,,,,,,
NAMASTE LABORATORIES,,,,,,
"Nanjing Besay Network Technology Co., Ltd.",,,,,,
"Nanjing Jinhui Storage Equipment Co.,Ltd.",,,,,,
"NANJING KERUN IMPORT & EXPORT TRADING CO., LTD.",,,,,,
Nanjing Padelworker Sports Engineering Co. Ltd.,,,,,,
"NEW VICTOR GROUP (ZHANGJIAGANG) CO., LTD,",,,,,,
NEWTECH GLOBAL LIMITED,,,,,,
NINGBO BAIDI ELECTRIC APPLIANCE CO LTD,,,,,,
NINGBO BANGLAM ELECTRIC APPLIANCE CO LTD,,,,,,
"NINGBO BANSHEN ELECTRIC APPLIANCE CO., LTD.",,,,,,
"NINGBO CHANGER ELECTRONCO., LTD.",,,,,,
"NINGBO DEYE DOMESTIC ELECTRICAL APPLIANCE TECHNOLOGY CO., L.",,,,,,
"NINGBO FATE FASTENERS CO., LTD.",,,,,,
"NINGBO HAILANG ELECTRIC APPLIANCE CO., LTD.",,,,,,
"NINGBO HANDIAN TRADING CO., LTD.",,,,,,
"NINGBO JIDE ELECTRICAL APPLIANCE CO., LTD.",,,,,,
NINGBO L AND M INT'L TRADING CO LTD.,,,,,,
NINGBO LONWE ENVIRONMENT TECHINOLOGY CO LTD,,,,,,
NINGBO SHARBO TRADING CO LTD,,,,,,
"NINGBO SINOVOE INTERNATIONAL CO., LTD.",,,,,,
"NINGBO YUCAI IMP. & EXP. CO., LTD",,,,,,
"NINGBO YUEMEI ELECTRIC APPLIANCE CO., LTD.",,,,,,
"NINGBO ZHENGDIAN IMPORT AND EXPORT CO., LTD",,,,,,
NORIDANE FOODS A/S,,,,,,
NOWACO A/S,,,,,,
"NUNEST FOOD, S.L.",,,,,,
OCEAMIC LAAYOUNE II,,,,,,
OCEANFRESH TRADING FZE,,,,,,
OFFAL EXP S.A.,,,,,,
OIL LUBE SYSTEMS PVT. LTD.,,,,,,
ORIENT INTERNATIONAL HOLDING SHANGHAI KNITWEAR IMP & EXP CO,,,,,,
OSTE TRADING LIMITED,,,,,,
OVERSEAS TRADING FZC,,,,,,
PALMTOP VEGEOIL PRODUCTS SDN BHD,,,,,,
PARKER-MIGLIORININ INTERNATIONAL GMBH,,,,,,
PELAGIC EXPORT,,,,,,
"PHARMAMED (QINGDAO) CO., LTD.",,,,,,
PILGRIM'S PRIDE CORPORATION,,,,,,
"PINGDINGSHAN AOFENG NEW MATERIAL TECHNOLOGY CO., LTD.",,,,,,
PT TVS Motor Company Indonesia,,,,,,
"QINGDAO AIERSANG INTERNATIONAL TRADE CO., LTD.",,,,,,
"QINGDAO AUCMA IMP. & EXP. CO., LTD.",,,,,,
"QINGDAO ECO INTERNATIONAL TRADE CO., LTD.",,,,,,
"QINGDAO NASCENT SPECIAL HAND TRUCK CO., LTD.",,,,,,
"QINGDAO TRI-LINK LOCK GROUP CO., LTD.",,,,,,
QUALITY MARINE EXPORTS,,,,,,
RAHEMEAT FISH CENTER,,,,,,
RDM IC  VE DIS TICARET MUMESSILLIK LTD. STI,,,,,,
"RIZHAO CHUNXU PLASTIC PRODUCTS CO., LTD",,,,,,
RMT Nuts Trading Co Fzco,,,,,,
"SANGFAH PRODUCTS CO., LTD.",,,,,,
"SANXING(HONGKONG) METAL INDUSTRIAL CO., LIMITED",,,,,,
SARGA FRIGO II,,,,,,
SARMA FISH S.A.R.L.,,,,,,
SCG SAS,,,,,,
SEAFOODIA,,,,,,
SEARA MEATS BV,,,,,,
SELLWELL BUSINESS SERVICE ZHONGSHAN CO LTD,,,,,,
"SELLWELL BUSINESS SERVICE ZONGSHAN CO., LTD.",,,,,,
"SHANDONG AIYU IMPORT AND EXPORT CO., LTD.",,,,,,
SHANDONG GANQUAN IMPORT AND EXPORT CO LTD.,,,,,,
"SHANDONG JINGMAO NEW MATERIAL CO., LTD.",,,,,,
"SHANDONG JULONG STEEL PLATE CO., LTD",,,,,,
"SHANDONG RICHFU IMP. & EXP. CO., LTD.",,,,,,
"SHANDONG SINO STEEL CO., LTD.",,,,,,
"SHANDONG TANGUO INTERNATIONAL TRADE CO., LTD",,,,,,
"SHANDONG TRANSTONE TYRE CO., LTD.",,,,,,
"SHANDONG WANDA BOTO TYRE CO., LTD.",,,,,,
"SHANDONG WOLIZE BIOTECHNOLOGY CO., LTD.",,,,,,
"SHANDONG YONUO NEW MATERIALS CO., LTD",,,,,,
"SHANDONG YOUNG INTERNATIONAL TRADING CO., LTD",,,,,,
"SHANGHAI BUTTERFLY IMP & EXP CO., LTD.",,,,,,
"SHANGHAI DONG MAO TRADING CO., LTD.",,,,,,
Shanghai JS International Logistics Co. Ltd,,,,,,
Shanghai Lululight Imp Exp Co Ltd,,,,,,
"SHAOXING QINGDA IMP & EXP CO., LTD.",,,,,,
SHENZHEN EVERBIZ ENTERPRISES LIMITED,,,,,,
"SHENZHEN HONGDALI TECHNOLOGY CO., LTD.",,,,,,
"SHENZHEN KEP TECHNOLOGY CO., LTD.",,,,,,
"Shenzhen Midu Technology Co., Limited",,,,,,
"SHENZHEN UNI-RIGHT INDUSTRIAL AND TRADING CO., LTD.",,,,,,
SHENZHEN UNION TIMMY TECHNOLOGY CO LTD,,,,,,
SHIJIAZHUANG SHIQIAO ELECTRIC WELDING MATERIAL CO. LTD.,,,,,,
"SHIJIAZHUANG SUNSHINE IMP&EXP TRADE CO., LTD.",,,,,,
SHIJIAZHUANG ZHONGYA CANDLE CO LTD.,,,,,,
SHIVATRADE IMPEX PRIVATE LIMITED,,,,,,
"SHOUGUANG DASEN WOOD CO., LTD",,,,,,
Sichuan Cotton and Ramie Group Corporation,,,,,,
"SICHUAN PROVINCE HUIQUAN CANNED FOOD CO., LTD",,,,,,
Sierra Palm Product DMCC,,,,,,
Sierra Palm Ventures FZ-LLC,,,,,,
SILVER FOOD,,,,,,
SINO UNION INDUSTRIAL LTD.,,,,,,
"SINOTRUK HUBEI HUAWIN IMP. & EXP. CO., LTD.",,,,,,
SOPEX LONDON LTD.,,,,,,
SQUARE ROOTS WATERWAYS INDIA PVT LTD,,,,,,
STE ATLAS PELAGIC SARL,,,,,,
"SUNPLUS LED TECHNOLOGY CO., LTD",,,,,,
"SUZHOU JIUCHI INTELLIGENT SECURITY TECHNOLOGY CO., LTD.",,,,,,
SWIFT AGRENTINA S.A.,,,,,,
"TAIZHOU HAODE MACHINERY AND ELECTRONICS CO., LTD.",,,,,,
"TAIZHOU HONGYI IMPORT & EXPORT CO., LTD.",,,,,,
"TAIZHOU TONGJIA IMPORT & EXPORT CO.,LTD",,,,,,
"TANGSHAN JUNXING HARDWARE TOOLS MAKING CO., LTD.",,,,,,
TANGSHAN SANFA HARDWARE FACTORY,,,,,,
"TCL HOME APPLIANCE (HK) CO., LIMITED.",,,,,,
"THAI GRANLUX INTERNATIONAL RICE CO., LTD.",,,,,,
"TIAN YOU XIN CHENG(HONG KONG) HOLDING CO., LIMITED",,,,,,
"TIANJIN CROWN CHAMPION INDUSTRIAL CO., LTD.",,,,,,
TIANJIN FASHION AND QUALITY TECHNOLOGY COMPANY LTD.,,,,,,
TIANJIN GOLDEN BRIDGE WELDING MATERIALS GROUP,,,,,,
TIANJIN HELI LUXING IMP AND EXP CO LTD,,,,,,
"TIANJIN SHINHOO FOOD CO.,LTD.",,,,,,
"TIGER INDUSTRIAL GROUP CO., LTD.",,,,,,
TIMBRO SWISS LTD,,,,,,
TOMEX DANMARK A/S,,,,,,
TONGXIANG GOETHE TEXTILE CO LTD.,,,,,,
Tönnies Lebensmittel GmbH & Co. KG,,,,,,
TOP (HK) COMMODITIES INTERNATIONAL LIMITED,,,,,,
"TPFTZ FOOD JUNC INDUSTRIAL CO.,LTD",,,,,,
TROPICAL SOLAR ENERGY PVT. LTD.,,,,,,
TUNG YUEN PLASTIC MANUFACTORY LIMITED,,,,,,
TVS Srichakra Ltd,,,,,,
UNTAS GIDA SANAYU VE TICARET A.S.,,,,,,
URBAN LABS INTERNATIONAL LLC S.A.,,,,,,
USATON ELECTRICAL APPLIANCES CO. LTD.,,,,,,
VEGA FOODS CORPP PRIVATE LTD.,,,,,,
VIBRA AGROINDUSTRIAL S/A,,,,,,
VINCENT EQUIPMENT LIMITED,,,,,,
VITAL SOLUTIONS PTE LTD.,,,,,,
VSK MOTORS AND TRADERS FZE,,,,,,
"WANBAO HENAN ELECTRIC APPLIANCES CO., LTD.",,,,,,
WEGDAM FOOD LINK BV,,,,,,
"WEIFANG JINQUAN WOOD CO., LTD,",,,,,,
"WEIFANG PUFENG INTERNATIONAL TRADING CO., LTD.",,,,,,
"WELFULL GROUP CO., LIMITED",,,,,,
WUXI SHARING IMPORT & EXPORT LIMITED,,,,,,
WUXI SHENDA NAIL MACHINERY FACTORY,,,,,,
"Xiamen Kailoti Technology Co., Ltd.",,,,,,
"⁠Xiamen Oula Information Technology Co., Ltd.",,,,,,
"XING WAN YANG INTERNATIONAL TRADE CO., LIMITED",,,,,,
XUFENG (HK) TRADING LIMITED,,,,,,
"YANGZHOU CIMC TONGHUA SPECIAL VEHICLES CO., LTD.",,,,,,
"YIWU PAIER ELECTRIC APPLIANCE CO., LTD.",,,,,,
YIWU XIAOCHUAN E-COMMERCE FIRM,,,,,,
Yiwu Yanji E-Commerce Firm,,,,,,
YIWU ZHONGYONG TRADING COMPNAY,,,,,,
Yiyang Jakarbee Import & Export Co Ltd,,,,,,
"YOG AUTO MOBILE PARTS CO., LTD.",,,,,,
YOMAXX ENTERPRISE,,,,,,
YONGWEI METAL CO. LIMITED,,,,,,
"YUEQING XINZHONG MOTORCYCLE FITTING CO., LTD.",,,,,,
"YunFu Future Stone Co., Ltd",,,,,,
"ZHANGZHOU GANGCHANG INDUSTRY & TRADE CO., LTD.",,,,,,
"ZHANGZHOU GREENCAN FOOD CO., LTD.",,,,,,
ZHANGZHOU ZHENGKAI TRADING CO. LTD.,,,,,,
"Zhejiang Baofang Printing And Dyeing Co., Ltd",,,,,,
"ZHEJIANG CEREALS, OILS & FOODSTUFFS IMPORT AND EXPORT CO LTD",,,,,,
"ZHEJIANG DINGDIAN INDUSTRY CO., LTD",,,,,,
ZHEJIANG HUAMEI IMP AND EXP CO LTD,,,,,,
"ZHEJIANG HUIYI FIRE FIGHTING EQUIPMENT CO., LTD.",,,,,,
"ZHEJIANG LIDU NEW MATERIALS CO., LTD.",,,,,,
"ZHEJIANG LINGBEN MACHINERY & ELECTRONICS CO.,LTD",,,,,,
"ZHEJIANG RONGWOOH ADHESIVE CO., LTD.",,,,,,
"ZHEJIANG SHARBO ELECTRIC APPLIANCE CO., LTD.",,,,,,
"ZHEJIANG WINFUL I/E CO., LTD.",,,,,,
"ZHEJIANG XINGXING REFRIGERATION CO., LTD.",,,,,,
"⁠Zhengzhou Yingsa Clothing Co., Ltd.",,,,,,
"ZHONGSHAN DOUBLE CROWN ELECTRICAL APPLIANCE CO., LTD",,,,,,
"ZHONGSHAN GENSUN ELECTRICAL APPLIANCE CO., LTD",,,,,,
ZHONGSHAN KINBLY IMP. & EXP. CO. LTD.,,,,,,
ZhongShan Pasenna Lighting Co Ltd,,,,,,
"ZHONGSHAN RUIKANG ELECTRIC APPLIANCE CO., LTD.",,,,,,
"ZHONGSHAN SILK IMP. & EXP. GROUP CO., LTD. OF GUANGDONG",,,,,,
"ZHONGSHAN TEKORO CAR CARE INDUSTRY CO., LTD.",,,,,,
"ZHONGYI RUBBER CO., LTD",,,,,,